{
    "params": [{
            "name": "required",
            "type": "bool",
            "default": false
        },
        {
            "name": "audited",
            "type": "bool"
        },
        {
            "name": "readOnly",
            "type": "bool",
            "tooltip": "linkReadOnly"
        },
        {
            "name": "default",
            "type": "link",
            "view": "views/admin/field-manager/fields/link/default"
        }
    ],
    "actualFields": [
        "id"
    ],
    "notActualFields": [
        "name"
    ],
    "converterClassName": "Espo\\Core\\Utils\\Database\\Orm\\FieldConverters\\Link",
    "validationList": [
        "required",
        "pattern"
    ],
    "mandatoryValidationList": [
        "pattern"
    ],
    "filter": true,
    "notCreatable": true,
    "valueFactoryClassName": "Espo\\Core\\Field\\Link\\LinkFactory",
    "attributeExtractorClassName": "Espo\\Core\\Field\\Link\\LinkAttributeExtractor"
}
